time_s;shaft_demand_W;hotel_load_W;motor_in_W;motor_out_W;genset_in_W;genset_out_W;fuel_bus_net_W
0.0;-0.0;-80000.0;0.0;0.0;200000.0;80000.0;-200000.0
1.0;-100000.0;-80000.0;111111.11111111111;100000.0;477777.7777777778;191111.11111111112;-477777.7777777778
2.0;-300000.0;-80000.0;333333.3333333333;300000.0;1033333.3333333333;413333.3333333333;-1033333.3333333333
3.0;-500000.0;-80000.0;555555.5555555555;500000.0;1588888.8888888888;635555.5555555555;-1588888.8888888888
4.0;-500000.0;-80000.0;555555.5555555555;500000.0;1588888.8888888888;635555.5555555555;-1588888.8888888888
5.0;-300000.0;-80000.0;333333.3333333333;300000.0;1033333.3333333333;413333.3333333333;-1033333.3333333333
6.0;-100000.0;-80000.0;111111.11111111111;100000.0;477777.7777777778;191111.11111111112;-477777.7777777778
7.0;-0.0;-80000.0;0.0;0.0;200000.0;80000.0;-200000.0
